id,mut_info_PDB,mut_info_Seq,pos_seq,exp_ddg,pdb_id,wt_aa,mut_resnum,SS,RASA
1A0FA_S11A,S11A,S11A,11,-1.8,1A0FA,S,11,C,0.0
1A7VA_A104H,A104H,A104H,104,-2.69,1A7VA,A,104,H,0.628
1A7VA_A66H,A66H,A66H,66,-1.98,1A7VA,A,66,C,0.264
1A7VA_A91H,A91H,A91H,91,-1.7,1A7VA,A,91,H,0.471
1A7VA_D3H,D3H,D3H,3,-1.36,1A7VA,D,3,C,0.551
1A7VA_D58H,D58H,D58H,58,-2.05,1A7VA,D,58,H,0.545
1A7VA_E73H,E73H,E73H,73,-3.01,1A7VA,E,73,H,0.715
1A7VA_K13H,K13H,K13H,13,-0.6,1A7VA,K,13,H,0.596
1A7VA_K20H,K20H,K20H,20,-2.88,1A7VA,K,20,H,0.504
1A7VA_K31H,K31H,K31H,31,-1.36,1A7VA,K,31,C,0.787
1A7VA_K39H,K39H,K39H,39,-1.86,1A7VA,K,39,H,0.696
1A7VA_K49H,K49H,K49H,49,-2.02,1A7VA,K,49,H,0.43
1A7VA_K84H,K84H,K84H,84,-2.88,1A7VA,K,84,H,0.53
1A7VA_K97H,K97H,K97H,97,-1.97,1A7VA,K,97,C,0.57
1BA3A_H457D,H461D,H457D,457,-1.745,1BA3A,H,461,C,0.162
1BA3A_H485D,H489D,H485D,485,0.287,1BA3A,H,489,C,0.861
1BA3A_H485K,H489K,H485K,485,-0.287,1BA3A,H,489,C,0.861
1BA3A_H485M,H489M,H485M,485,-0.263,1BA3A,H,489,C,0.861
1BFMA_M35W,M35W,M35W,35,-0.7,1BFMA,M,35,H,0.044
1BFMA_M35Y,M35Y,M35Y,35,-0.4,1BFMA,M,35,H,0.044
1BNLA_D76A,D76A,D76A,76,-0.821,1BNLA,D,76,C,0.171
1D5GA_H71Y,H71Y,H71Y,71,-0.04,1D5GA,H,71,H,0.046
1D5GA_I20F,I20F,I20F,20,0.91,1D5GA,I,20,E,0.046
1DIVA_D23A,D23A,D23A,23,-0.46,1DIVA,D,23,C,0.61
1DIVA_D23N,D23N,D23N,23,-0.58,1DIVA,D,23,C,0.61
1DIVA_D8N,D8N,D8N,8,-0.3,1DIVA,D,8,E,0.62
1DIVA_E100A,E100A,E100A,100,-0.98,1DIVA,E,100,H,0.542
1DIVA_E100G,E100G,E100G,100,-1.52,1DIVA,E,100,H,0.542
1DIVA_E17Q,E17Q,E17Q,17,-0.21,1DIVA,E,17,E,0.383
1DIVA_E38Q,E38Q,E38Q,38,-0.56,1DIVA,E,38,E,0.388
1DIVA_E48Q,E48Q,E48Q,48,0.03,1DIVA,E,48,H,0.336
1DIVA_E54Q,E54Q,E54Q,54,0.33,1DIVA,E,54,H,0.285
1DIVA_H106Q,H106Q,H106Q,106,-1.53,1DIVA,H,106,H,0.296
1DIVA_H134Q,H134Q,H134Q,134,-0.34,1DIVA,H,134,E,0.162
1DIVA_H144Q,H144Q,H144Q,144,-0.56,1DIVA,H,144,E,0.181
1DIVA_I115A,I115A,I115A,115,-3.52,1DIVA,I,115,E,0.031
1DIVA_I121A,I121A,I121A,121,-2.88,1DIVA,I,121,E,0.082
1DIVA_I4A,I4A,I4A,4,-2.22,1DIVA,I,4,E,0.026
1DIVA_I4V,I4V,I4V,4,-0.59,1DIVA,I,4,E,0.026
1DIVA_I79A,I79A,I79A,79,-3.49,1DIVA,I,79,E,0.046
1DIVA_I93A,I93A,I93A,93,-3.19,1DIVA,I,93,E,0.067
1DIVA_I98A,I98A,I98A,98,-4.28,1DIVA,I,98,H,0.0
1DIVA_K10M,K10M,K10M,10,0.05,1DIVA,K,10,C,0.809
1DIVA_K14M,K14M,K14M,14,0.01,1DIVA,K,14,H,0.4
1DIVA_K15M,K15M,K15M,15,-0.31,1DIVA,K,15,H,0.461
1DIVA_K7M,K7M,K7M,7,0.35,1DIVA,K,7,C,0.387
1DIVA_K96A,K96A,K96A,96,0.61,1DIVA,K,96,H,0.457
1DIVA_K96G,K96G,K96G,96,-0.2,1DIVA,K,96,H,0.457
1DIVA_L102A,L102A,L102A,102,-2.37,1DIVA,L,102,H,0.0
1DIVA_L108A,L108A,L108A,108,-2.33,1DIVA,L,108,C,0.126
1DIVA_L110A,L110A,L110A,110,-3.21,1DIVA,L,110,C,0.099
1DIVA_L117A,L117A,L117A,117,-0.82,1DIVA,L,117,C,0.194
1DIVA_L133A,L133A,L133A,133,-2.94,1DIVA,L,133,E,0.099
1DIVA_L141A,L141A,L141A,141,-3.56,1DIVA,L,141,E,0.0
1DIVA_L30A,L30A,L30A,30,-2.76,1DIVA,L,30,H,0.037
1DIVA_L30V,L30V,L30V,30,-3.62,1DIVA,L,30,H,0.037
1DIVA_L6A,L6A,L6A,6,-3.1,1DIVA,L,6,C,0.325
1DIVA_L6I,L6I,L6I,6,-0.13,1DIVA,L,6,C,0.325
1DIVA_L6V,L6V,L6V,6,-0.41,1DIVA,L,6,C,0.325
1DIVA_L72A,L72A,L72A,72,-3.77,1DIVA,L,72,H,0.0
1DIVA_M1A,M1A,M1A,1,-1.46,1DIVA,M,1,C,0.36
1DIVA_M1G,M1G,M1G,1,-2.36,1DIVA,M,1,C,0.36
1DIVA_V129A,V129A,V129A,129,-1.81,1DIVA,V,129,E,0.012
1DIVA_V131A,V131A,V131A,131,-1.93,1DIVA,V,131,E,0.0
1DIVA_V137A,V137A,V137A,137,-2.41,1DIVA,V,137,E,0.03
1DIVA_V143A,V143A,V143A,143,-3.25,1DIVA,V,143,E,0.0
1DIVA_V145A,V145A,V145A,145,-1.92,1DIVA,V,145,E,0.012
1DIVA_V21A,V21A,V21A,21,-2.33,1DIVA,V,21,C,0.061
1DIVA_V21I,V21I,V21I,21,-0.4,1DIVA,V,21,C,0.061
1DIVA_V21L,V21L,V21L,21,-1.23,1DIVA,V,21,C,0.061
1DIVA_V3A,V3A,V3A,3,-2.55,1DIVA,V,3,E,0.0
1DIVA_V3I,V3I,V3I,3,-0.31,1DIVA,V,3,E,0.0
1DIVA_V3L,V3L,V3L,3,-2.21,1DIVA,V,3,E,0.0
1DXXA_K10N,K18N,K10N,10,-3.7,1DXXA,K,18,H,0.322
1EKGA_L109C,L198C,L109C,109,-1.0,1EKGA,L,198,C,0.099
1EKGA_L111C,L200C,L111C,111,-2.0,1EKGA,L,200,C,0.016
1EKGA_L114C,L203C,L114C,114,1.0,1EKGA,L,203,C,0.115
1EKGA_S92F,S181F,S92F,92,-2.6,1EKGA,S,181,E,0.021
1F8IA_F345A,F345A,F345A,345,-0.455,1F8IA,F,345,E,0.009
1FH5H_S15N,S18N,S15N,15,0.6,1FH5H,S,18,E,0.224
1FRDA_H42R,H42R,H42R,42,4.0,1FRDA,H,42,C,0.338
1FT8A_I144V,I264V,I144V,144,-0.64,1FT8A,I,264,C,0.015
1FT8A_L92V,L212V,L92V,92,-1.38,1FT8A,L,212,H,0.068
1FT8A_L118I,L238I,L118I,118,-0.35,1FT8A,L,238,C,0.12
1FT8A_L147I,L267I,L147I,147,-0.11,1FT8A,L,267,C,0.0
1FT8A_L173I,L293I,L173I,173,-0.8,1FT8A,L,293,C,0.005
1FT8A_L173V,L293V,L173V,173,-1.41,1FT8A,L,293,C,0.005
1FT8A_L195A,L315A,L195A,195,-1.65,1FT8A,L,315,C,0.047
1FT8A_L197I,L317I,L197I,197,-0.85,1FT8A,L,317,C,0.005
1FT8A_L228I,L348I,L228I,228,-0.53,1FT8A,L,348,C,0.0
1FT8A_L229I,L349I,L229I,229,0.05,1FT8A,L,349,C,0.45
1FT8A_M96L,M216L,M96L,96,0.27,1FT8A,M,216,H,0.005
1FT8A_S219A,S339A,S219A,219,0.32,1FT8A,S,339,H,0.455
1FT8A_V167A,V287A,V167A,167,-0.16,1FT8A,V,287,H,0.17
1FXAA_E94D,E94D,E94D,94,-1.1,1FXAA,E,94,H,0.294
1FXAA_E94K,E94K,E94K,94,-0.4,1FXAA,E,94,H,0.294
1FXAA_E94Q,E94Q,E94Q,94,0.6,1FXAA,E,94,H,0.294
1FXAA_E95K,E95K,E95K,95,1.0,1FXAA,E,95,H,0.696
1FXAA_F65A,F65A,F65A,65,-1.0,1FXAA,F,65,C,0.36
1FXAA_F65I,F65I,F65I,65,-0.9,1FXAA,F,65,C,0.36
1FXAA_F65W,F65W,F65W,65,-0.6,1FXAA,F,65,C,0.36
1FXAA_F65Y,F65Y,F65Y,65,-0.5,1FXAA,F,65,C,0.36
1FXAA_R42A,R42A,R42A,42,-2.4,1FXAA,R,42,C,0.298
1FXAA_R42H,R42H,R42H,42,-1.4,1FXAA,R,42,C,0.298
1FXAA_T48A,T48A,T48A,48,0.1,1FXAA,T,48,C,0.227
1G3PA_A122K,A147K,A122K,122,-0.287,1G3PA,A,147,E,0.405
1G3PA_D135A,D160A,D135A,135,-0.263,1G3PA,D,160,C,0.818
1G3PA_D135C,D160C,D135C,135,-0.096,1G3PA,D,160,C,0.818
1G3PA_D135E,D160E,D135E,135,-0.359,1G3PA,D,160,C,0.818
1G3PA_D135F,D160F,D135F,135,-0.359,1G3PA,D,160,C,0.818
1G3PA_D135G,D160G,D135G,135,-0.669,1G3PA,D,160,C,0.818
1G3PA_D135H,D160H,D135H,135,0.048,1G3PA,D,160,C,0.818
1G3PA_D135I,D160I,D135I,135,-0.932,1G3PA,D,160,C,0.818
1G3PA_D135K,D160K,D135K,135,-0.335,1G3PA,D,160,C,0.818
1G3PA_D135L,D160L,D135L,135,-0.55,1G3PA,D,160,C,0.818
1G3PA_D135M,D160M,D135M,135,-0.502,1G3PA,D,160,C,0.818
1G3PA_D135N,D160N,D135N,135,0.072,1G3PA,D,160,C,0.818
1G3PA_D135P,D160P,D135P,135,-0.645,1G3PA,D,160,C,0.818
1G3PA_D135Q,D160Q,D135Q,135,-0.478,1G3PA,D,160,C,0.818
1G3PA_D135R,D160R,D135R,135,-0.669,1G3PA,D,160,C,0.818
1G3PA_D135S,D160S,D135S,135,-0.287,1G3PA,D,160,C,0.818
1G3PA_D135T,D160T,D135T,135,-0.741,1G3PA,D,160,C,0.818
1G3PA_D135V,D160V,D135V,135,-1.123,1G3PA,D,160,C,0.818
1G3PA_D135W,D160W,D135W,135,-0.1669999999999999,1G3PA,D,160,C,0.818
1G3PA_D135Y,D160Y,D135Y,135,-0.072,1G3PA,D,160,C,0.818
1G3PA_F111V,F136V,F111V,111,-3.705,1G3PA,F,136,E,0.009
1G3PA_N113G,N138G,N113G,113,0.765,1G3PA,N,138,C,0.455
1G3PA_N114K,N139K,N114K,114,-0.43,1G3PA,N,139,E,0.005
1G3PA_N114V,N139V,N114V,114,-2.032,1G3PA,N,139,E,0.005
1G3PA_Q112N,Q137N,Q112N,112,-1.793,1G3PA,Q,137,C,0.0
1G3PA_Q120N,Q145N,Q120N,120,0.263,1G3PA,Q,145,C,0.972
1G3PA_R119V,R144V,R119V,119,0.765,1G3PA,R,144,E,0.547
1GLUA_C67A,C500A,C67A,67,-1.22,1GLUA,C,500,H,0.0
1GUAB_A63G,A118G,A63G,63,-1.963,1GUAB,A,118,H,0.0
1GUAB_A63L,A118L,A63L,63,-1.951,1GUAB,A,118,H,0.0
1GUAB_A30G,A85G,A30G,30,-2.149,1GUAB,A,85,H,0.074
1GUAB_A42G,A97G,A42G,42,-0.863,1GUAB,A,97,E,0.033
1GUAB_C26A,C81A,C26A,26,0.283,1GUAB,C,81,H,0.081
1GUAB_C26I,C81I,C26I,26,-0.912,1GUAB,C,81,H,0.081
1GUAB_C40A,C95A,C40A,40,-0.08,1GUAB,C,95,H,0.372
1GUAB_C41A,C96A,C41A,41,-1.759,1GUAB,C,96,E,0.02
1GUAB_C41L,C96L,C41L,41,-0.043,1GUAB,C,96,E,0.02
1GUAB_C41M,C96M,C41M,41,-0.337,1GUAB,C,96,E,0.02
1GUAB_D62A,D117A,D62A,62,-0.706,1GUAB,D,117,E,0.374
1GUAB_D74A,D129A,D74A,74,-0.855,1GUAB,D,129,E,0.235
1GUAB_D25A,D80A,D25A,25,-0.493,1GUAB,D,80,H,0.412
1GUAB_E49A,E104A,E49A,49,0.021,1GUAB,E,104,C,0.818
1GUAB_E69A,E124A,E69A,69,-0.1009999999999999,1GUAB,E,124,C,0.266
1GUAB_E70A,E125A,E70A,70,-0.591,1GUAB,E,125,E,0.238
1GUAB_I3A,I58A,I3A,3,-3.274,1GUAB,I,58,E,0.015
1GUAB_I3F,I58F,I3F,3,-1.2990000000000002,1GUAB,I,58,E,0.015
1GUAB_I3L,I58L,I3L,3,-0.7709999999999999,1GUAB,I,58,E,0.015
1GUAB_K54A,K109A,K54A,54,-0.327,1GUAB,K,109,E,0.357
1GUAB_L57A,L112A,L57A,57,-2.593,1GUAB,L,112,E,0.183
1GUAB_L66A,L121A,L66A,66,-2.5340000000000003,1GUAB,L,121,H,0.058
1GUAB_L71A,L126A,L71A,71,-3.405,1GUAB,L,126,E,0.0
1GUAB_L7A,L62A,L7A,7,-3.46,1GUAB,L,62,E,0.052
1GUAB_L23A,L78A,L23A,23,-3.803,1GUAB,L,78,H,0.005
1GUAB_L27A,L82A,L27A,27,-3.529,1GUAB,L,82,H,0.005
1GUAB_L27I,L82I,L27I,27,-1.6,1GUAB,L,82,H,0.005
1GUAB_L27V,L82V,L27V,27,-1.7,1GUAB,L,82,H,0.005
1GUAB_L31A,L86A,L31A,31,-3.2260000000000004,1GUAB,L,86,H,0.01
1GUAB_L36A,L91A,L36A,36,-1.575,1GUAB,L,91,C,0.105
1GUAB_M21A,M76A,M21A,21,-0.961,1GUAB,M,76,C,0.197
1GUAB_N1M,N56M,N1M,1,0.271,1GUAB,N,56,C,0.631
1GUAB_N9A,N64A,N9A,9,-1.14,1GUAB,N,64,C,0.39
1GUAB_P8A,P63A,P8A,8,-1.7080000000000002,1GUAB,P,63,C,0.091
1GUAB_P38A,P93A,P38A,38,-0.0819999999999999,1GUAB,P,93,H,0.123
1GUAB_Q11A,Q66A,Q11A,11,-0.504,1GUAB,Q,66,E,0.056
1GUAB_R45A,R100A,R45A,45,-0.693,1GUAB,R,100,E,0.343
1GUAB_R4A,R59A,R4A,4,0.178,1GUAB,R,59,E,0.317
1GUAB_R34L,R89L,R34L,34,1.078,1GUAB,R,89,C,0.079
1GUAB_S22A,S77A,S22A,22,-1.5730000000000002,1GUAB,S,77,E,0.161
1GUAB_S22T,S77T,S22T,22,0.581,1GUAB,S,77,E,0.161
1GUAB_T13A,T68A,T13A,13,-0.109,1GUAB,T,68,E,0.025
1GUAB_V73A,V128A,V73A,73,-3.3680000000000003,1GUAB,V,128,E,0.0
1GUAB_V5A,V60A,V5A,5,-2.251,1GUAB,V,60,E,0.006
1GUAB_V14A,V69A,V14A,14,-1.116,1GUAB,V,69,E,0.061
1GUAB_V15A,V70A,V15A,15,-1.77,1GUAB,V,70,E,0.091
1GUAB_V17A,V72A,V17A,17,-1.052,1GUAB,V,72,C,0.036
1GUAB_V17I,V72I,V17I,17,-0.8640000000000001,1GUAB,V,72,C,0.036
1GUAB_V43A,V98A,V43A,43,-1.981,1GUAB,V,98,E,0.0
1GWYA_A8D,A8D,A8D,8,-1.6,1GWYA,A,8,E,0.364
1H0XA_P10A,P18A,P10A,10,-1.936,1H0XA,P,18,C,0.591
1H0XA_P54A,P62A,P54A,54,-2.5810000000000004,1H0XA,P,62,C,0.5
1HCQA_C67A,C67A,C67A,67,-2.09,1HCQA,C,67,H,0.0
1HCQA_C67S,C67S,C67S,67,-1.99,1HCQA,C,67,H,0.0
1IOJA_G15A,G15A,G15A,15,0.4,1IOJA,G,15,H,0.01
1IR3A_W195F,W1175F,W195F,195,0.6,1IR3A,W,1175,H,0.004
1ITMA_C25T,C24T,C25T,25,-3.3,1ITMA,C,24,C,0.034
1ITMA_C4T,C3T,C4T,4,-5.0,1ITMA,C,3,C,0.324
1ITMA_W92S,W91S,W92S,92,1.4,1ITMA,W,91,H,0.417
1IV7B_A73C,A173C,A73C,73,0.5,1IV7B,A,173,E,0.0
1IV7B_F89C,F189C,F89C,89,-2.5,1IV7B,F,189,E,0.048
1IV7B_L62C,L162C,L62C,62,-1.9,1IV7B,L,162,E,0.0
1IV9A_S76Y,S76Y,S76Y,76,4.299,1IV9A,S,76,E,0.196
1J8IA_K25A,K25A,K25A,25,0.1,1J8IA,K,25,E,0.252
1J8IA_K66A,K66A,K66A,66,0.1,1J8IA,K,66,H,0.4
1J8IA_R23A,R23A,R23A,23,0.8,1J8IA,R,23,H,0.596
1J8IA_R35A,R35A,R35A,35,-0.1,1J8IA,R,35,C,0.619
1J8IA_R43A,R43A,R43A,43,0.7,1J8IA,R,43,C,0.736
1J8IA_R9A,R9A,R9A,9,-0.1,1J8IA,R,9,C,0.758
1JL9A_A20C,A25C,A20C,20,-1.44,1JL9A,A,25,H,0.818
1JLVA_E64D,E64D,E64D,64,-1.162,1JLVA,E,64,C,0.107
1JLVA_E64N,E64N,E64N,64,-2.3040000000000003,1JLVA,E,64,C,0.107
1JLVA_E64Q,E64Q,E64Q,64,-2.302,1JLVA,E,64,C,0.107
1L6HA_F39A,F39A,F39A,39,-1.6969999999999998,1L6HA,F,39,H,0.039
1L6HA_Y45A,Y45A,Y45A,45,-0.55,1L6HA,Y,45,H,0.153
1L6HA_Y48A,Y48A,Y48A,48,-1.482,1L6HA,Y,48,H,0.42
1LVMA_E114G,E106G,E114G,114,1.4,1LVMA,E,106,C,0.561
1LVMA_K53F,K45F,K53F,53,0.43,1LVMA,K,45,H,0.052
1LVMA_L64V,L56V,L64V,64,0.0,1LVMA,L,56,E,0.283
1LVMA_Q66F,Q58F,Q66F,66,0.6,1LVMA,Q,58,E,0.313
1LVMA_S143G,S135G,S143G,143,0.0,1LVMA,S,135,C,0.566
1N18A_E100G,E100G,E100G,100,-2.5,1N18A,E,100,E,0.491
1N18A_G85R,G85R,G85R,85,-1.4,1N18A,G,85,E,0.021
1N18A_H46R,H46R,H46R,46,1.4,1N18A,H,46,E,0.0
1N18A_V148I,V148I,V148I,148,0.1,1N18A,V,148,E,0.127
1N88A_F21A,F21A,F21A,21,-1.39,1N88A,F,21,H,0.083
1N88A_I39A,I39A,I39A,39,-1.39,1N88A,I,39,H,0.0
1N88A_I80A,I80A,I80A,80,-2.79,1N88A,I,80,E,0.108
1N88A_I89A,I89A,I89A,89,-2.35,1N88A,I,89,C,0.015
1N88A_I8V,I8V,I8V,8,-1.52,1N88A,I,8,E,0.005
1N88A_L13A,L13A,L13A,13,-1.52,1N88A,L,13,C,0.309
1N88A_L57A,L57A,L57A,57,-1.11,1N88A,L,57,E,0.44
1N88A_V12A,V12A,V12A,12,-1.94,1N88A,V,12,C,0.097
1N88A_V30A,V30A,V30A,30,-2.84,1N88A,V,30,E,0.0
1N88A_V43A,V43A,V43A,43,-2.82,1N88A,V,43,H,0.0
1N88A_V49A,V49A,V49A,49,-2.83,1N88A,V,49,C,0.133
1N88A_V51A,V51A,V51A,51,-3.24,1N88A,V,51,E,0.036
1N88A_V54A,V54A,V54A,54,-3.73,1N88A,V,54,E,0.097
1N88A_V81A,V81A,V81A,81,-2.82,1N88A,V,81,E,0.0
1N88A_V83A,V83A,V83A,83,-3.1,1N88A,V,83,E,0.042
1N88A_Y18A,Y18A,Y18A,18,0.06,1N88A,Y,18,H,0.251
1N88A_Y26A,Y26A,Y26A,26,-4.61,1N88A,Y,26,E,0.024
1NM1A_D176N,D187N,D176N,176,-0.88,1NM1A,D,187,H,0.385
1NM1A_D176Y,D187Y,D176Y,176,-1.9,1NM1A,D,187,H,0.385
1O1UA_E110A,E110A,E110A,110,-3.3,1O1UA,E,110,E,0.061
1O1UA_N61A,N61A,N61A,61,-1.2,1O1UA,N,61,E,0.086
1O1UA_Q51A,Q51A,Q51A,51,-0.3,1O1UA,Q,51,E,0.028
1O1UA_Q99A,Q99A,Q99A,99,0.3,1O1UA,Q,99,E,0.121
1O1UA_T38A,T38A,T38A,38,-1.2,1O1UA,T,38,E,0.0
1O1UA_W49Y,W49Y,W49Y,49,-1.2,1O1UA,W,49,E,0.03
1O6XA_A31G,A31G,A31G,31,-1.2,1O6XA,A,31,H,0.504
1O6XA_A50G,A50G,A50G,50,-1.4,1O6XA,A,50,E,0.0
1O6XA_D38A,D38A,D38A,38,0.36,1O6XA,D,38,C,0.487
1O6XA_E14A,E14A,E14A,14,-0.3,1O6XA,E,14,E,0.21
1O6XA_E20G,E20G,E20G,20,-1.42,1O6XA,E,20,H,0.654
1O6XA_F39L,F39L,F39L,39,-1.88,1O6XA,F,39,E,0.184
1O6XA_F65A,F65A,F65A,65,-0.98,1O6XA,F,65,H,0.206
1O6XA_H51A,H51A,H51A,51,-0.61,1O6XA,H,51,E,0.139
1O6XA_I15V,I15V,I15V,15,-0.43,1O6XA,I,15,E,0.021
1O6XA_I23V,I23V,I23V,23,0.42,1O6XA,I,23,H,0.097
1O6XA_I71V,I71V,I71V,71,-1.31,1O6XA,I,71,C,0.103
1O6XA_I75A,I75A,I75A,75,-1.31,1O6XA,I,75,E,0.374
1O6XA_K41A,K41A,K41A,41,-1.98,1O6XA,K,41,C,0.409
1O6XA_L26V,L26V,L26V,26,-0.97,1O6XA,L,26,H,0.058
1O6XA_N58A,N58A,N58A,58,-0.08,1O6XA,N,58,H,0.134
1O6XA_Q60G,Q60G,Q60G,60,-0.49,1O6XA,Q,60,H,0.612
1O6XA_V12A,V12A,V12A,12,-1.1,1O6XA,V,12,E,0.055
1O6XA_V52A,V52A,V52A,52,-1.08,1O6XA,V,52,E,0.024
1O6XA_V64G,V64G,V64G,64,-1.1,1O6XA,V,64,H,0.582
1O6XA_Y73L,Y73L,Y73L,73,-2.78,1O6XA,Y,73,E,0.227
1OSIA_I11V,I11V,I11V,11,-0.05,1OSIA,I,11,C,0.051
1OSIA_S92F,S92F,S92F,92,0.39,1OSIA,S,92,H,0.168
1OSIA_V126M,V126M,V126M,126,-2.25,1OSIA,V,126,C,0.0
1OSIA_V15I,V15I,V15I,15,-0.78,1OSIA,V,15,H,0.0
1PFLA_A20T,A20T,A20T,20,-1.53,1PFLA,A,20,E,0.0
1PFLA_G117V,G117V,G117V,117,-1.96,1PFLA,G,117,C,0.722
1PFLA_M113T,M113T,M113T,113,-3.53,1PFLA,M,113,E,0.079
1PFLA_Q138L,Q138L,Q138L,138,1.82,1PFLA,Q,138,C,0.874
1PFLA_T108M,T108M,T108M,108,0.07,1PFLA,T,108,C,0.0
1PREA_C158S,C159S,C158S,158,-2.4,1PREA,C,159,C,0.399
1PRGA_E254K,E460K,E254K,254,-0.17,1PRGA,E,460,C,0.126
1PRGA_F154L,F360L,F154L,154,-0.4,1PRGA,F,360,H,0.044
1PRGA_P261L,P467L,P261L,261,0.11,1PRGA,P,467,H,0.558
1PRGA_Q80P,Q286P,Q80P,80,-0.3,1PRGA,Q,286,H,0.089
1PRGA_R82H,R288H,R82H,82,0.06,1PRGA,R,288,H,0.245
1PRGA_R151A,R357A,R151A,151,0.19,1PRGA,R,357,C,0.294
1PRGA_V84M,V290M,V84M,84,0.03,1PRGA,V,290,H,0.139
1R2YA_R243E,R244E,R243E,243,-4.2,1R2YA,R,244,C,0.158
1R6RA_I68N,I88N,I68N,68,-0.13,1R6RA,I,88,H,0.051
1R6RA_L30S,L50S,L30S,30,-2.81,1R6RA,L,50,H,0.209
1R6RA_L34S,L54S,L34S,34,-0.24,1R6RA,L,54,H,0.33
1R6RA_L61N,L81N,L61N,61,-6.84,1R6RA,L,81,H,0.01
1SPDA_C111S,C111S,C111S,111,0.8,1SPDA,C,111,C,0.243
1SPDA_C6A,C6A,C6A,6,0.1,1SPDA,C,6,E,0.0
1X0JA_D88N,D160N,D88N,88,-4.1,1X0JA,D,160,C,0.241
1X0JA_D88Y,D160Y,D88Y,88,-4.02,1X0JA,D,160,C,0.241
1X0JA_D89N,D161N,D89N,89,-2.21,1X0JA,D,161,H,0.636
1X0JA_D89Y,D161Y,D89Y,89,-3.38,1X0JA,D,161,H,0.636
1X0JA_E68K,E140K,E68K,68,-3.48,1X0JA,E,140,H,0.36
1X0JA_R28L,R100L,R28L,28,-5.22,1X0JA,R,100,C,0.279
1X0JA_Y81H,Y153H,Y81H,81,-6.49,1X0JA,Y,153,H,0.004
1XWSA_E92Q,E124Q,E92Q,92,-2.9,1XWSA,E,124,C,0.593
1XWSA_E103K,E135K,E103K,103,-4.59,1XWSA,E,135,H,0.664
1XWSA_E110D,E142D,E110D,110,-3.22,1XWSA,E,142,H,0.336
1XWSA_Y21H,Y53H,Y21H,21,-3.3,1XWSA,Y,53,E,0.31
1XXNA_N181R,N181R,N181R,181,0.358,1XXNA,N,181,E,0.278
1XXNA_N32D,N32D,N32D,32,-0.86,1XXNA,N,32,C,0.663
1XXNA_N54E,N54E,N54E,54,-0.645,1XXNA,N,54,E,0.187
1XXNA_S22E,S22E,S22E,22,0.239,1XXNA,S,22,C,0.741
1XXNA_S27E,S27E,S27E,27,-0.645,1XXNA,S,27,E,0.175
1XZOA_F40W,F42W,F40W,40,2.87,1XZOA,F,42,C,0.096
1XZOA_W99F,W101F,W99F,99,-2.89,1XZOA,W,101,E,0.0
1XZOA_W34A,W36A,W34A,34,-8.93,1XZOA,W,36,E,0.008
1XZOA_W34F,W36F,W34F,34,-4.25,1XZOA,W,36,E,0.008
2ARFA_H38Q,H1069Q,H38Q,38,-0.7170000000000001,2ARFA,H,1069,C,0.208
2BJDA_V73D,V84D,V73D,73,-4.493,2BJDA,V,84,E,0.158
2BJDA_V73P,V84P,V73P,73,-4.517,2BJDA,V,84,E,0.158
2BJDA_Y75E,Y86E,Y75E,75,-2.103,2BJDA,Y,86,E,0.318
2C9QA_Y79F,Y79F,Y79F,79,-0.012,2C9QA,Y,79,E,0.02
2C9QA_Y79W,Y79W,Y79W,79,-1.233,2C9QA,Y,79,E,0.02
2CLRB_H14F,H13F,H14F,14,0.12,2CLRB,H,13,C,0.435
2CLRB_H32F,H31F,H32F,32,2.605,2CLRB,H,31,E,0.005
2CLRB_H52F,H51F,H52F,52,-1.912,2CLRB,H,51,E,0.412
2CLRB_H85A,H84A,H85A,85,-2.629,2CLRB,H,84,C,0.042
2DVVA_Q100H,Q443H,Q100H,100,0.89,2DVVA,Q,443,H,0.168
2DVVA_R76W,R419W,R76W,76,-0.02,2DVVA,R,419,H,0.336
2H3FA_E11A,E12A,E11A,11,1.07,2H3FA,E,12,H,0.187
2HBBA_A22G,A22G,A22G,22,-0.32,2HBBA,A,22,C,0.512
2HBBA_A26G,A26G,A26G,26,-1.79,2HBBA,A,26,H,0.0
2HBBA_A36G,A36G,A36G,36,-1.55,2HBBA,A,36,E,0.017
2HBBA_A39G,A39G,A39G,39,-1.59,2HBBA,A,39,C,0.124
2HBBA_A42G,A42G,A42G,42,-0.33,2HBBA,A,42,H,0.545
2HBBA_A46G,A46G,A46G,46,-0.55,2HBBA,A,46,H,0.314
2HBBA_A49G,A49G,A49G,49,-0.22,2HBBA,A,49,H,0.678
2HBBA_D23A,D23A,D23A,23,-0.03,2HBBA,D,23,H,0.487
2HBBA_D23N,D23N,D23N,23,-0.79,2HBBA,D,23,H,0.487
2HBBA_D8A,D8A,D8A,8,-1.3,2HBBA,D,8,C,0.61
2HBBA_D8N,D8N,D8N,8,-0.38,2HBBA,D,8,C,0.61
2HBBA_E17A,E17A,E17A,17,-1.69,2HBBA,E,17,C,0.364
2HBBA_E17Q,E17Q,E17Q,17,-0.33,2HBBA,E,17,C,0.364
2HBBA_E38A,E38A,E38A,38,-0.41,2HBBA,E,38,E,0.467
2HBBA_E38Q,E38Q,E38Q,38,-0.68,2HBBA,E,38,E,0.467
2HBBA_E48Q,E48Q,E48Q,48,0.07,2HBBA,E,48,H,0.593
2HBBA_F31A,F31A,F31A,31,-2.84,2HBBA,F,31,C,0.254
2HBBA_F5L,F5L,F5L,5,-1.15,2HBBA,F,5,E,0.009
2HBBA_G24A,G24A,G24A,24,0.02,2HBBA,G,24,H,0.412
2HBBA_G34A,G34A,G34A,34,-1.02,2HBBA,G,34,C,0.392
2HBBA_I18A,I18A,I18A,18,-2.05,2HBBA,I,18,E,0.431
2HBBA_I18V,I18V,I18V,18,-0.07,2HBBA,I,18,E,0.431
2HBBA_I37A,I37A,I37A,37,-1.28,2HBBA,I,37,E,0.246
2HBBA_I37V,I37V,I37V,37,0.09,2HBBA,I,37,E,0.246
2HBBA_I4V,I4V,I4V,4,-0.59,2HBBA,I,4,E,0.026
2HBBA_K10E,K10E,K10E,10,0.13,2HBBA,K,10,C,0.939
2HBBA_K10M,K10M,K10M,10,0.47,2HBBA,K,10,C,0.939
2HBBA_K12A,K12A,K12A,12,0.61,2HBBA,K,12,C,0.409
2HBBA_K12G,K12G,K12G,12,0.03,2HBBA,K,12,C,0.409
2HBBA_K12M,K12M,K12M,12,1.8,2HBBA,K,12,C,0.409
2HBBA_K14A,K14A,K14A,14,-0.73,2HBBA,K,14,C,0.578
2HBBA_K14G,K14G,K14G,14,-1.3,2HBBA,K,14,C,0.578
2HBBA_K14M,K14M,K14M,14,-0.34,2HBBA,K,14,C,0.578
2HBBA_K15G,K15G,K15G,15,-1.74,2HBBA,K,15,C,0.657
2HBBA_K15M,K15M,K15M,15,-0.44,2HBBA,K,15,C,0.657
2HBBA_K7M,K7M,K7M,7,0.21,2HBBA,K,7,C,0.517
2HBBA_L30A,L30A,L30A,30,-2.76,2HBBA,L,30,H,0.0
2HBBA_L35A,L35A,L35A,35,-1.21,2HBBA,L,35,C,0.141
2HBBA_L44A,L44A,L44A,44,-1.73,2HBBA,L,44,H,0.236
2HBBA_L47A,L47A,L47A,47,-0.84,2HBBA,L,47,H,0.152
2HBBA_L6A,L6A,L6A,6,-3.1,2HBBA,L,6,C,0.267
2HBBA_M1A,M1A,M1A,1,-1.46,2HBBA,M,1,C,0.241
2HBBA_T40S,T40S,T40S,40,-0.8,2HBBA,T,40,C,0.233
2HBBA_V21A,V21A,V21A,21,-2.33,2HBBA,V,21,C,0.079
2HBBA_V3A,V3A,V3A,3,-2.55,2HBBA,V,3,E,0.0
2HBBA_V9A,V9A,V9A,9,-1.81,2HBBA,V,9,E,0.085
2JIEA_C167A,C170A,C167A,167,2.997,2JIEA,C,170,H,0.068
2JIEA_C167Q,C170Q,C167Q,167,2.5810000000000004,2JIEA,C,170,H,0.068
2JIEA_E154D,E157D,E154D,154,-2.075,2JIEA,E,157,C,0.902
2JIEA_E164A,E167A,E164A,164,4.247,2JIEA,E,167,C,0.051
2JIEA_E222A,E225A,E222A,222,-4.36,2JIEA,E,225,C,0.107
2JIEA_E222H,E225H,E222H,222,-1.515,2JIEA,E,225,C,0.107
2JIEA_E406A,E409A,E406A,406,0.825,2JIEA,E,409,C,0.098
2JIEA_E406D,E409D,E406D,406,-0.909,2JIEA,E,409,C,0.098
2JIEA_E423S,E426S,E423S,423,0.87,2JIEA,E,426,C,0.827
2JIEA_F415A,F418A,F415A,415,-0.165,2JIEA,F,418,C,0.013
2JIEA_H101R,H104R,H101R,101,1.536,2JIEA,H,104,H,0.444
2JIEA_I244E,I247E,I244E,244,1.241,2JIEA,I,247,H,0.036
2JIEA_I244N,I247N,I244N,244,0.974,2JIEA,I,247,H,0.036
2JIEA_L171A,L174A,L171A,171,-0.79,2JIEA,L,174,H,0.11
2JIEA_L171R,L174R,L171R,171,0.336,2JIEA,L,174,H,0.11
2JIEA_M221A,M224A,M221A,221,-4.098,2JIEA,M,224,C,0.034
2JIEA_M323A,M326A,M323A,323,-1.298,2JIEA,M,326,C,0.054
2JIEA_N163A,N166A,N163A,163,-3.397,2JIEA,N,166,E,0.0
2JIEA_N163C,N166C,N163C,163,-2.964,2JIEA,N,166,E,0.0
2JIEA_N220A,N223A,N220A,220,-0.6709999999999999,2JIEA,N,223,E,0.128
2JIEA_N220G,N223G,N220G,220,3.462,2JIEA,N,223,E,0.128
2JIEA_N220H,N223H,N220H,220,2.583,2JIEA,N,223,E,0.128
2JIEA_N220R,N223R,N220R,220,3.976,2JIEA,N,223,E,0.128
2JIEA_N220Y,N223Y,N220Y,220,5.73,2JIEA,N,223,E,0.128
2JIEA_N293A,N296A,N293A,293,-2.25,2JIEA,N,296,E,0.011
2JIEA_N293C,N296C,N293C,293,-0.017,2JIEA,N,296,E,0.011
2JIEA_N404A,N407A,N404A,404,0.4639999999999999,2JIEA,N,407,C,0.011
2JIEA_N404C,N407C,N404C,404,0.143,2JIEA,N,407,C,0.011
2JIEA_Q19S,Q22S,Q19S,19,-0.209,2JIEA,Q,22,H,0.005
2JIEA_R240A,R243A,R240A,240,-0.166,2JIEA,R,243,H,0.128
2JIEA_R240D,R243D,R240D,240,0.213,2JIEA,R,243,H,0.128
2JIEA_R240K,R243K,R240K,240,-1.463,2JIEA,R,243,H,0.128
2JIEA_S14A,S17A,S14A,14,-1.246,2JIEA,S,17,E,0.0
2JIEA_S16A,S19A,S16A,16,0.951,2JIEA,S,19,C,0.0
2JIEA_S331A,S334A,S331A,331,-1.454,2JIEA,S,334,H,0.0
2JIEA_S400A,S403A,S400A,400,0.92,2JIEA,S,403,C,0.0
2JIEA_T15A,T18A,T15A,15,-0.994,2JIEA,T,18,C,0.006
2JIEA_T218A,T221A,T218A,218,3.189,2JIEA,T,221,E,0.0
2JIEA_T352A,T355A,T352A,352,-2.9610000000000003,2JIEA,T,355,E,0.0
2JIEA_W120F,W123F,W120F,120,2.19,2JIEA,W,123,C,0.049
2JIEA_W120H,W123H,W120H,120,1.06,2JIEA,W,123,C,0.049
2JIEA_W325A,W328A,W325A,325,-1.159,2JIEA,W,328,C,0.28
2JIEA_W325C,W328C,W325C,325,-2.664,2JIEA,W,328,C,0.28
2JIEA_W325H,W328H,W325H,325,-2.573,2JIEA,W,328,C,0.28
2JIEA_W325R,W328R,W325R,325,-0.95,2JIEA,W,328,C,0.28
2JIEA_W399C,W402C,W399C,399,-0.36,2JIEA,W,402,E,0.004
2JIEA_W399R,W402R,W399R,399,2.615,2JIEA,W,402,E,0.004
2JIEA_W409Y,W412Y,W409Y,409,0.599,2JIEA,W,412,H,0.326
2JIEA_Y18A,Y21A,Y18A,18,-3.443,2JIEA,Y,21,H,0.031
2JIEA_Y294A,Y297A,Y294A,294,1.072,2JIEA,Y,297,C,0.008
2JIEA_Y294F,Y297F,Y294F,294,-1.853,2JIEA,Y,297,C,0.008
2JUCA_C53D,C57D,C53D,53,-2.54,2JUCA,C,57,H,0.243
2JUCA_C53S,C57S,C53S,53,-0.71,2JUCA,C,57,H,0.243
2JUCA_R14A,R18A,R14A,14,-1.75,2JUCA,R,18,H,0.483
2KJ3A_D72A,D288A,D72A,72,1.2,2KJ3A,D,288,C,0.182
2KJ3A_E56A,E272A,E56A,56,1.9,2KJ3A,E,272,C,0.514
2KJ3A_G62A,G278A,G62A,62,-0.8,2KJ3A,G,278,E,0.0
2KJ3A_K13A,K229A,K13A,13,1.5,2KJ3A,K,229,E,0.752
2KJ3A_L25A,L241A,L25A,25,1.0,2KJ3A,L,241,E,0.529
2KJ3A_S57A,S273A,S57A,57,1.4,2KJ3A,S,273,C,0.0
2KJ3A_V23A,V239A,V23A,23,1.0,2KJ3A,V,239,E,0.303
2KJ3A_V48A,V264A,V48A,48,1.0,2KJ3A,V,264,E,0.042
2KJ3A_V51A,V267A,V51A,51,0.2,2KJ3A,V,267,E,0.006
2KS4A_D9A,D9A,D9A,9,1.26,2KS4A,D,9,E,0.422
2KS4A_E2A,E2A,E2A,2,-0.23,2KS4A,E,2,C,0.407
2LTBA_L59P,L558P,L59P,59,-1.57,2LTBA,L,558,H,0.236
2LTBA_L70R,L569R,L70R,70,-3.11,2LTBA,L,569,H,0.058
2LTBA_M120K,M619K,M120K,120,-3.34,2LTBA,M,619,E,0.567
2LTBA_R34Q,R533Q,R34Q,34,-1.1,2LTBA,R,533,C,0.634
2LTBA_R56Q,R555Q,R56Q,56,-0.36,2LTBA,R,555,H,0.37
2LTBA_R56W,R555W,R56W,56,1.79,2LTBA,R,555,H,0.37
2M5SA_D81A,D302A,D81A,81,-4.0,2M5SA,D,302,C,0.545
2M5SA_H84A,H305A,H84A,84,-2.0,2M5SA,H,305,E,0.227
2MPCA_A86T,A89T,A86T,86,-0.24,2MPCA,A,89,H,0.066
2MPCA_R39A,R42A,R39A,39,0.62,2MPCA,R,42,H,0.423
2MPCA_R39W,R42W,R39W,39,2.08,2MPCA,R,42,H,0.423
2N7ZA_P88A,P88A,P88A,88,-0.6,2N7ZA,P,88,C,0.065
2NTEA_I171V,I738V,I171V,171,-2.0,2NTEA,I,738,E,0.01
2NTEA_R91C,R658C,R91C,91,-2.3,2NTEA,R,658,H,0.37
2OUOA_A72D,A420D,A72D,72,0.44,2OUOA,A,420,H,0.463
2PR5A_A13Y,A33Y,A13Y,13,0.5,2PR5A,A,33,C,0.678
2PR5A_A61M,A81M,A61M,61,-0.4,2PR5A,A,81,H,0.083
2PR5A_D89E,D109E,D89E,89,0.3,2PR5A,D,109,E,0.07
2PR5A_H2K,H22K,H2K,2,0.3,2PR5A,H,22,C,0.671
2PR5A_H2W,H22W,H2W,2,1.2,2PR5A,H,22,C,0.671
2PR5A_M91F,M111F,M91F,91,2.9,2PR5A,M,111,E,0.039
2PR5A_N87F,N107F,N87F,87,0.9,2PR5A,N,107,E,0.123
2PR5A_N87Y,N107Y,N87Y,87,0.8,2PR5A,N,107,E,0.123
2PR5A_N104F,N124F,N104F,104,1.1,2PR5A,N,124,E,0.193
2PR5A_N104Y,N124Y,N104Y,104,2.6,2PR5A,N,124,E,0.193
2PR5A_T10M,T30M,T10M,10,0.5,2PR5A,T,30,E,0.067
2PR5A_T30M,T50M,T30M,30,-0.5,2PR5A,T,50,H,0.0
2PR5A_T34Y,T54Y,T34Y,34,0.2,2PR5A,T,54,H,0.209
2PR5A_V100I,V120I,V100I,100,1.4,2PR5A,V,120,E,0.0
2PR5A_V5I,V25I,V5I,5,0.4,2PR5A,V,25,C,0.073
2PR5A_V68L,V88L,V68L,68,-0.2,2PR5A,V,88,E,0.121
2PR5A_V70I,V90I,V70I,70,-0.7,2PR5A,V,90,E,0.048
2PTLA_A22G,A22G,A22G,22,-2.43,2PTLA,A,22,E,0.0
2PTLA_A27P,A27P,A27P,27,0.1,2PTLA,A,27,C,0.496
2PTLA_A27V,A27V,A27V,27,-0.83,2PTLA,A,27,C,0.496
2PTLA_A34G,A34G,A34G,34,-2.17,2PTLA,A,34,E,0.025
2PTLA_A34V,A34V,A34V,34,1.47,2PTLA,A,34,E,0.025
2PTLA_A43G,A43G,A43G,43,-2.54,2PTLA,A,43,H,0.033
2PTLA_A47G,A47G,A47G,47,-3.1,2PTLA,A,47,H,0.0
2PTLA_A49G,A49G,A49G,49,-1.32,2PTLA,A,49,H,0.488
2PTLA_A51G,A51G,A51G,51,-3.12,2PTLA,A,51,H,0.0
2PTLA_A66G,A66G,A66G,66,-0.49,2PTLA,A,66,E,0.388
2PTLA_D52A,D52A,D52A,52,-1.21,2PTLA,D,52,H,0.487
2PTLA_D52G,D52G,D52G,52,-2.14,2PTLA,D,52,H,0.487
2PTLA_D64A,D64A,D64A,64,-0.2,2PTLA,D,64,C,0.455
2PTLA_E35A,E35A,E35A,35,-0.59,2PTLA,E,35,E,0.626
2PTLA_E46G,E46G,E46G,46,-1.19,2PTLA,E,46,H,0.449
2PTLA_E46I,E46I,E46I,46,-1.08,2PTLA,E,46,H,0.449
2PTLA_E60A,E60A,E60A,60,-0.23,2PTLA,E,60,C,0.523
2PTLA_F26A,F26A,F26A,26,-3.12,2PTLA,F,26,C,0.101
2PTLA_F26L,F26L,F26L,26,-0.68,2PTLA,F,26,C,0.101
2PTLA_F36A,F36A,F36A,36,-4.15,2PTLA,F,36,E,0.07
2PTLA_F36L,F36L,F36L,36,-3.12,2PTLA,F,36,E,0.07
2PTLA_F40G,F40G,F40G,40,-3.08,2PTLA,F,40,C,0.342
2PTLA_F40L,F40L,F40L,40,-0.38,2PTLA,F,40,C,0.342
2PTLA_F76L,F76L,F76L,76,-3.34,2PTLA,F,76,E,0.004
2PTLA_F76V,F76V,F76V,76,-3.73,2PTLA,F,76,E,0.004
2PTLA_G29A,G29A,G29A,29,-1.52,2PTLA,G,29,C,0.608
2PTLA_G29V,G29V,G29V,29,-2.53,2PTLA,G,29,C,0.608
2PTLA_G38A,G38A,G38A,38,-2.08,2PTLA,G,38,E,0.237
2PTLA_G59A,G59A,G59A,59,-2.23,2PTLA,G,59,C,0.515
2PTLA_G69A,G69A,G69A,69,-2.04,2PTLA,G,69,C,0.289
2PTLA_I20A,I20A,I20A,20,-4.9,2PTLA,I,20,E,0.015
2PTLA_I20V,I20V,I20V,20,-0.56,2PTLA,I,20,E,0.015
2PTLA_I25A,I25A,I25A,25,-1.37,2PTLA,I,25,E,0.185
2PTLA_I25V,I25V,I25V,25,-0.47,2PTLA,I,25,E,0.185
2PTLA_I74A,I74A,I74A,74,-4.72,2PTLA,I,74,E,0.0
2PTLA_I74V,I74V,I74V,74,-1.69,2PTLA,I,74,E,0.0
2PTLA_K21A,K21A,K21A,21,-0.92,2PTLA,K,21,E,0.335
2PTLA_K37A,K37A,K37A,37,-0.88,2PTLA,K,37,E,0.504
2PTLA_K42G,K42G,K42G,42,0.16,2PTLA,K,42,H,0.504
2PTLA_K55A,K55A,K55A,55,0.58,2PTLA,K,55,C,0.4
2PTLA_K56A,K56A,K56A,56,0.35,2PTLA,K,56,C,0.73
2PTLA_K68A,K68A,K68A,68,-0.09,2PTLA,K,68,C,0.748
2PTLA_K75A,K75A,K75A,75,-0.45,2PTLA,K,75,E,0.409
2PTLA_L24A,L24A,L24A,24,-3.12,2PTLA,L,24,E,0.01
2PTLA_L54A,L54A,L54A,54,-2.44,2PTLA,L,54,C,0.241
2PTLA_L72A,L72A,L72A,72,-3.77,2PTLA,L,72,E,0.031
2PTLA_N23A,N23A,N23A,23,-1.87,2PTLA,N,23,E,0.118
2PTLA_N28A,N28A,N28A,28,-1.78,2PTLA,N,28,C,0.62
2PTLA_N58A,N58A,N58A,58,-0.34,2PTLA,N,58,C,0.214
2PTLA_N73A,N73A,N73A,73,-1.73,2PTLA,N,73,E,0.235
2PTLA_S30A,S30A,S30A,30,-0.3,2PTLA,S,30,C,0.427
2PTLA_S45A,S45A,S45A,45,0.41,2PTLA,S,45,H,0.455
2PTLA_S45G,S45G,S45G,45,-0.82,2PTLA,S,45,H,0.455
2PTLA_T19A,T19A,T19A,19,-1.63,2PTLA,T,19,E,0.552
2PTLA_T31A,T31A,T31A,31,-1.17,2PTLA,T,31,C,0.552
2PTLA_T33A,T33A,T33A,33,-1.11,2PTLA,T,33,E,0.411
2PTLA_T39A,T39A,T39A,39,-1.25,2PTLA,T,39,C,0.485
2PTLA_T44A,T44A,T44A,44,-1.09,2PTLA,T,44,H,0.184
2PTLA_T53G,T53G,T53G,53,-0.17,2PTLA,T,53,C,0.699
2PTLA_T62A,T62A,T62A,62,-0.97,2PTLA,T,62,E,0.54
2PTLA_T71A,T71A,T71A,71,-1.83,2PTLA,T,71,E,0.172
2PTLA_V18A,V18A,V18A,18,-1.22,2PTLA,V,18,E,0.206
2PTLA_V63A,V63A,V63A,63,-0.92,2PTLA,V,63,E,0.291
2PTLA_V65A,V65A,V65A,65,-1.14,2PTLA,V,65,C,0.618
2PTLA_Y48A,Y48A,Y48A,48,-2.82,2PTLA,Y,48,H,0.42
2PTLA_Y50A,Y50A,Y50A,50,-2.46,2PTLA,Y,50,H,0.396
2PTLA_Y70A,Y70A,Y70A,70,-1.66,2PTLA,Y,70,C,0.02
2PTLA_Y70L,Y70L,Y70L,70,0.43,2PTLA,Y,70,C,0.02
2RPNA_E7L,E7L,E7L,7,1.05,2RPNA,E,7,C,0.36
2RPNA_V21K,V21K,V21K,21,0.39,2RPNA,V,21,C,0.485
2VY0A_D254A,D287A,D254A,254,-5.975,2VY0A,D,287,E,0.171
2VY0A_E20A,E53A,E20A,20,-6.597,2VY0A,E,53,C,0.14
2WQGA_D15A,D15A,D15A,15,0.3,2WQGA,D,15,H,0.529
2WQGA_D38A,D38A,D38A,38,0.1,2WQGA,D,38,H,0.112
2WQGA_D39A,D39A,D39A,39,-2.2,2WQGA,D,39,H,0.342
2WQGA_D39N,D39N,D39N,39,-2.6,2WQGA,D,39,H,0.342
2WQGA_E40Q,E40Q,E40Q,40,-0.1,2WQGA,E,40,H,0.593
2WQGA_E41G,E41G,E41G,41,-0.4,2WQGA,E,41,C,0.495
2WQGA_I36A,I36A,I36A,36,-0.9,2WQGA,I,36,H,0.21
2WQGA_I36V,I36V,I36V,36,-0.3,2WQGA,I,36,H,0.21
2WQGA_K14A,K14A,K14A,14,-0.4,2WQGA,K,14,H,0.4
2WQGA_K14G,K14G,K14G,14,-1.9,2WQGA,K,14,H,0.4
2WQGA_K19A,K19A,K19A,19,-0.3,2WQGA,K,19,H,0.678
2WQGA_K28A,K28A,K28A,28,-0.6,2WQGA,K,28,H,0.278
2WQGA_L13A,L13A,L13A,13,-0.5,2WQGA,L,13,H,0.0
2WQGA_L16A,L16A,L16A,16,-1.3,2WQGA,L,16,H,0.152
2WQGA_L8A,L8A,L8A,8,-2.0,2WQGA,L,8,C,0.319
2WQGA_Q12A,Q12A,Q12A,12,-0.6,2WQGA,Q,12,H,0.509
2WQGA_Q12G,Q12G,Q12G,12,-2.0,2WQGA,Q,12,H,0.509
2WQGA_Q33A,Q33A,Q33A,33,0.1,2WQGA,Q,33,H,0.579
2WQGA_R34A,R34A,R34A,34,-0.8,2WQGA,R,34,H,0.219
2WQGA_S23A,S23A,S23A,23,-0.6,2WQGA,S,23,C,0.441
2WQGA_S6A,S6A,S6A,6,0.1,2WQGA,S,6,C,0.559
2WQGA_S6G,S6G,S6G,6,-0.2,2WQGA,S,6,C,0.559
2WQGA_T9S,T9S,T9S,9,0.1,2WQGA,T,9,C,0.239
2WQGA_V10A,V10A,V10A,10,-0.1,2WQGA,V,10,H,0.394
2WQGA_V10G,V10G,V10G,10,-0.7,2WQGA,V,10,H,0.394
2WQGA_V11A,V11A,V11A,11,0.4,2WQGA,V,11,H,0.527
2WQGA_V11G,V11G,V11G,11,0.1,2WQGA,V,11,H,0.527
2WQGA_V24A,V24A,V24A,24,-0.5,2WQGA,V,24,C,0.23
2WQGA_Y5F,Y5F,Y5F,5,-2.4,2WQGA,Y,5,C,0.071
2ZTAA_E11Q,E11Q,E11Q,11,-0.74,2ZTAA,E,11,H,0.43
2ZTAA_E20Q,E20Q,E20Q,20,0.2,2ZTAA,E,20,H,0.332
2ZTAA_E22Q,E22Q,E22Q,22,-1.83,2ZTAA,E,22,H,0.196
2ZTAA_K15A,K15A,K15A,15,-0.41,2ZTAA,K,15,H,0.391
2ZTAA_K27A,K27A,K27A,27,-0.91,2ZTAA,K,27,H,0.483
2ZTAA_K28A,K28A,K28A,28,-0.06,2ZTAA,K,28,H,0.7
2ZTAA_K8A,K8A,K8A,8,-0.39,2ZTAA,K,8,H,0.352
2ZTAA_R25A,R25A,R25A,25,-1.66,2ZTAA,R,25,H,0.381
3BCIA_E83Q,E96Q,E84Q,84,1.369,3BCIA,E,96,C,0.341
3BCIA_T140V,T153V,T140V,140,-1.137,3BCIA,T,153,C,0.172
3BN0A_I19V,I20V,I19V,19,-1.506,3BN0A,I,20,E,0.0
3C2IA_D66E,D156E,D66E,66,0.88,3C2IA,D,156,C,0.037
3C2IA_F65S,F155S,F65S,65,0.43,3C2IA,F,155,C,0.044
3C2IA_L10V,L100V,L10V,10,1.11,3C2IA,L,100,C,0.094
3C2IA_P62R,P152R,P62R,62,1.46,3C2IA,P,152,C,0.162
3C2IA_R16Q,R106Q,R16Q,16,0.12,3C2IA,R,106,E,0.023
3C2IA_R16W,R106W,R16W,16,0.04,3C2IA,R,106,E,0.023
3C2IA_R21G,R111G,R21G,21,-0.43,3C2IA,R,111,C,0.392
3C2IA_R43C,R133C,R43C,43,0.37,3C2IA,R,133,C,0.611
3C2IA_R43H,R133H,R43H,43,0.24,3C2IA,R,133,C,0.611
3C2IA_S44C,S134C,S44C,44,1.05,3C2IA,S,134,C,0.294
3C2IA_T68A,T158A,T68A,68,0.47,3C2IA,T,158,C,0.331
3C2IA_T68M,T158M,T68M,68,0.25,3C2IA,T,158,C,0.331
3D2AA_M132E,M134E,M132E,132,3.02,3D2AA,M,134,C,0.675
3D2AA_M135P,M137P,M135P,135,3.34,3D2AA,M,137,C,0.414
3D2AA_S161P,S163P,S161P,161,2.11,3D2AA,S,163,H,0.671
3D3BA_D118A,D118A,D118A,118,-0.65,3D3BA,D,118,C,0.417
3D3BA_D118E,D118E,D118E,118,-0.6,3D3BA,D,118,C,0.417
3D3BA_D118K,D118K,D118K,118,-1.6,3D3BA,D,118,C,0.417
3D3BA_D118N,D118N,D118N,118,-1.34,3D3BA,D,118,C,0.417
3D3BA_D118R,D118R,D118R,118,-1.41,3D3BA,D,118,C,0.417
3DV0I_A5G,A131G,A5G,5,-1.7,3DV0I,A,131,C,0.008
3DV0I_A13G,A139G,A13G,13,-2.3,3DV0I,A,139,H,0.008
3DV0I_A39G,A165G,A39G,39,-0.9,3DV0I,A,165,H,0.512
3DV0I_A42G,A168G,A42G,42,-0.3,3DV0I,A,168,H,0.744
3DV0I_D19A,D145A,D19A,19,-2.1,3DV0I,D,145,C,0.299
3DV0I_D19N,D145N,D19N,19,-0.9,3DV0I,D,145,C,0.299
3DV0I_D36N,D162N,D36N,36,-2.0,3DV0I,D,162,C,0.112
3DV0I_D38A,D164A,D38A,38,-2.3,3DV0I,D,164,H,0.337
3DV0I_D38G,D164G,D38G,38,-3.7,3DV0I,D,164,H,0.337
3DV0I_D38N,D164N,D38N,38,-1.9,3DV0I,D,164,H,0.337
3DV0I_E15A,E141A,E15A,15,-0.7,3DV0I,E,141,H,0.603
3DV0I_E15Q,E141Q,E15Q,15,-0.4,3DV0I,E,141,H,0.603
3DV0I_I4A,I130A,I4A,4,-0.7,3DV0I,I,130,C,0.328
3DV0I_I4G,I130G,I4G,4,-1.4,3DV0I,I,130,C,0.328
3DV0I_I4V,I130V,I4V,4,-0.2,3DV0I,I,130,C,0.328
3DV0I_I20A,I146A,I20A,20,-2.7,3DV0I,I,146,H,0.185
3DV0I_I20V,I146V,I20V,20,-1.2,3DV0I,I,146,H,0.185
3DV0I_I37V,I163V,I37V,37,-0.5,3DV0I,I,163,C,0.0
3DV0I_L33A,L159A,L33A,33,-2.0,3DV0I,L,159,C,0.314
3DV0I_L33G,L159G,L33G,33,-1.9,3DV0I,L,159,C,0.314
3DV0I_L33V,L159V,L33V,33,-0.6,3DV0I,L,159,C,0.314
3DV0I_L41A,L167A,L41A,41,-1.2,3DV0I,L,167,H,0.45
3DV0I_L41V,L167V,L41V,41,-0.2,3DV0I,L,167,H,0.45
3DV0I_V3A,V129A,V3A,3,-0.7,3DV0I,V,129,,
3DV0I_V3G,V129G,V3G,3,-1.0,3DV0I,V,129,,
3DV0I_V9A,V135A,V9A,9,-1.5,3DV0I,V,135,H,0.061
3DV0I_V18A,V144A,V18A,18,-2.0,3DV0I,V,144,C,0.036
3DV0I_V23A,V149A,V23A,23,-2.8,3DV0I,V,149,C,0.067
3DV0I_V23G,V149G,V23G,23,-4.1,3DV0I,V,149,C,0.067
3DV0I_V32A,V158A,V32A,32,-3.2,3DV0I,V,158,C,0.055
3DV0I_Y12F,Y138F,Y12F,12,-2.0,3DV0I,Y,138,H,0.247
3ECUA_H46R,H46R,H46R,46,0.8,3ECUA,H,46,E,0.0
3FISA_P36A,P61A,P36A,36,-0.5,3FISA,P,61,H,0.013
3G1GA_D5Y,D155Y,D5Y,5,0.34,3G1GA,D,155,C,0.775
3G1GA_F17Y,F167Y,F17Y,17,-0.74,3G1GA,F,167,H,0.0
3G1GA_I40V,I190V,I40V,40,-0.17,3G1GA,I,190,H,0.062
3G1GA_R35W,R185W,R35W,35,1.32,3G1GA,R,185,H,0.283
3K82A_E29L,E334L,E29L,29,-3.35,3K82A,E,334,E,0.079
3K82A_E29Q,E334Q,E29Q,29,-1.68,3K82A,E,334,E,0.079
3K82A_E96R,E401R,E96R,96,5.49,3K82A,E,401,H,0.346
3L15B_Y200H,Y442H,Y200H,200,-3.23,3L15B,Y,442,E,0.18
3MONB_R39G,R39G,R39G,39,1.194,3MONB,R,39,E,0.536
3MONB_W3C,W3C,W3C,3,-2.866,3MONB,W,3,C,0.102
3O39A_F87I,F115I,F87I,87,-1.81,3O39A,F,115,H,0.158
3O39A_F87L,F115L,F87L,87,-1.64,3O39A,F,115,H,0.158
3O39A_H68L,H96L,H68L,68,-0.58,3O39A,H,96,H,0.329
3O39A_L4P,L32P,L4P,4,-3.25,3O39A,L,32,C,0.047
3O39A_Q72L,Q100L,Q72L,72,-2.0,3O39A,Q,100,H,0.308
3O39A_Q21L,Q49L,Q21L,21,-0.05,3O39A,Q,49,C,0.14
3S4MA_D34Y,D122Y,D34Y,34,-1.3,3S4MA,D,122,C,0.439
3S4MA_G42V,G130V,G42V,42,-2.5,3S4MA,G,130,C,0.031
3S4MA_I66F,I154F,I66F,66,0.096,3S4MA,I,154,E,0.0
3S4MA_W67R,W155R,W67R,67,-0.693,3S4MA,W,155,E,0.235
3S92A_H89R,H395R,H89R,89,2.03,3S92A,H,395,C,0.412
4BJXA_A48V,A89V,A48V,48,0.99,4BJXA,A,89,C,0.017
4BUQA_Y137A,Y137A,Y137A,137,0.89,4BUQA,Y,137,C,0.549
4BUQA_Y48A,Y48A,Y48A,48,-1.435,4BUQA,Y,48,C,0.443
4HE7A_A19D,A19D,A19D,19,-0.24,4HE7A,A,19,C,0.669
4HE7A_A19G,A19G,A19G,19,0.06,4HE7A,A,19,C,0.669
4HE7A_A19K,A19K,A19K,19,-0.46,4HE7A,A,19,C,0.669
4N6V0_H68W,H75W,H68W,68,0.574,4N6V0,H,75,C,0.301
4N6V0_P29G,P36G,P29G,29,-1.362,4N6V0,P,36,C,0.63
4N6V0_P72S,P79S,P72S,72,1.745,4N6V0,P,79,C,0.318
4WAAA_K57A,K65A,K57A,57,0.1,4WAAA,K,65,C,0.552
4WAAA_K59A,K67A,K59A,59,-2.07,4WAAA,K,67,E,0.509
4WAAA_R19A,R27A,R19A,19,-0.44,4WAAA,R,27,C,0.325
4YEEA_V60T,V134T,V60T,60,-0.71,4YEEA,V,134,E,0.303
4YEFA_T58V,T134V,T58V,58,-0.93,4YEFA,T,134,E,0.018
5JXBA_D25G,D329G,D25G,25,-1.44,5JXBA,D,329,C,0.54
5JXBA_D25P,D329P,D25P,25,-1.44,5JXBA,D,329,C,0.54
5OAQA_Y199H,Y429H,Y199H,199,-2.99,5OAQA,Y,429,E,0.004
5VP3A_R39K,R39K,R39K,39,0.413,5VP3A,R,39,H,0.166
5VP3A_S128G,S128G,S128G,128,-0.3779999999999999,5VP3A,S,128,H,0.0
5VP3A_V183T,V183T,V183T,183,0.354,5VP3A,V,183,H,0.158
